<?xml version="1.0" encoding="UTF-8" ?>
<!DOCTYPE mapper
        PUBLIC "-//mybatis.org//DTD Mapper 3.0//EN"
        "http://mybatis.org/dtd/mybatis-3-mapper.dtd">
<mapper namespace="cn.linshio.mapper.BrandMapper">

    <!--数据库与javabean的字段映射-->
    <resultMap id="brandResultMap" type="brand">
        <result column="brand_name" property="brandName"/>
        <result column="company_name" property="companyName"/>
    </resultMap>

    <delete id="deleteById">
        delete
        from tb_brand
        where id = #{id};
    </delete>

    <delete id="deleteByIds">
        delete
        from tb_brand
        <where>
            id in
            <foreach collection="ids" item="id" separator="," open="(" close=")">
                #{id}
            </foreach>
        </where> ;
    </delete>

    <select id="selectAll" resultMap="brandResultMap">
        select *
        from tb_brand;
    </select>

    <select id="selectByPage" resultMap="brandResultMap">
        select *
        from tb_brand
        limit #{begin},#{size};
    </select>

    <select id="selectTotalCount" resultType="java.lang.Integer">
        select count(*)
        from tb_brand;
    </select>

    <select id="selectByPageAndCondition" resultMap="brandResultMap">
        select *
        from tb_brand
        <where>
            <if test="brand.brandName != null and brand.brandName != '' ">
                and brand_name like #{brand.brandName}
            </if>
            <if test="brand.companyName != null and brand.companyName != '' ">
                and company_name like #{brand.companyName}
            </if>
            <if test="brand.status != null ">
                and `status` = #{brand.status}
            </if>
        </where>
        limit #{begin} , #{size};
    </select>
    <select id="selectTotalCountByCondition" resultType="java.lang.Integer">
        select count(*)
        from tb_brand
        <where>
            <if test="brandName != null and brandName != '' ">
                and brand_name like #{brandName}
            </if>
            <if test="companyName != null and companyName != '' ">
                and company_name like #{companyName}
            </if>
            <if test="status != null ">
                and `status` = #{status}
            </if>
        </where>
    </select>


    <insert id="add">
        insert into tb_brand (id, brand_name, company_name, ordered, description, status)
        values (null,#{brandName},#{companyName},#{ordered},#{description},#{status});
    </insert>


</mapper>